question,reference,tfidf_pred,ft_pred,ft_rougeL,tfidf_rougeL
What strategies should I employ to market bananas successfully?,"Successful marketing of bananas requires identifying target markets, maintaining consistent quality, establishing strong relationships with buyers, and considering value-added options such as organic or fair-trade certification to appeal to consumers.","To manage weeds in a banana plantation effectively, implement regular manual weeding, apply mulch using organic materials, and use herbicides carefully to reduce competition for nutrients and water, thereby promoting the growth and development of banana plants.","To successfully market bananas, you should employ a variety of marketing strategies, such as direct marketing, online marketing, and social media marketing.",0.2222222222222222,0.08695652173913043
"asking about the duration,spacing and age transplanting of cabbage","recommended maturity time 60-70 days for earli maturity variety,spacing 60 cm row and 30 cm planting distance,40-45 days age of transplanting(syngenta,east west and namdhari seeda company)",advised him to transplant 25-30 days old seedlings of cabbage.,advised him to transplant the cabbage in the month of october to november,0.044444444444444446,0.13953488372093023
What is the name of the fungal disease causing black growth on Sapota leaves?,"Sooty mould, caused by Capnodium sp., is the fungal disease responsible for the black growth observed on Sapota leaves.","Sooty mould, caused by Capnodium sp., is the fungal disease that affects Sapota leaves, producing black growth.",Fungal disease causing black growth on Sapota leaves.,0.5185185185185185,0.6666666666666667
contineous rain prevails in the area for last 3 days destroy their crops,advice to go for some flood resistant variety of rice crops like jal kowari and jal shree.,told him that 5 mm and 4 mm rainfall forcast for next two days according to imd weather report,advised him to spray saaf @ 2 ml per litre of water,0.14285714285714285,0.05555555555555555
asking about the way to reduce the toxic amount of urea in garlic.,advised him to irrigate the field frequently so that the toxic amount of urea can be reduced.,advised him to irrigate the field frequently so that the toxic effects can be reduced.,suggested him to apply urea @ 2 gram per litre of water.,0.21428571428571427,0.8749999999999999
asking about control measures for appearing red lesions on the leaves,do the ooze test by dipping the infected plant part in a clear glass of water for 20-30 min and diagnose if any white ooze comes out,suggested him to spray chlorpyriphos @ 2ml/lit of water preferably at morning hours,suggested him to spray malathion 50 ec @ 2ml/lit of water,0.10256410256410255,0.0975609756097561
asking about the problem of rice hispa,adviced to spray ustad @2ml per lit of water,suggested to apply monocrotophos 40 ec @ 4ml/lt of water for controlling rice hispa from rice cultivation.,suggested him to spray malathion 50 ec @ 2ml/litre of water,0.5,0.23076923076923078
asking about the cultivation practices of okra. in South Asia context,given in details regarding the cultivation practices.,given in details about the package of practices.,suggested him to grow okra in a well-drained soil.,0.11764705882352941,0.6666666666666666
want to know regarding rotting in tomato,advice to spray bavistin @ 2 g/lit of water and to prevent leaf fall spray tracel 2 @ 2 g/lit of water,advice to spray mancozeb @ 3 g/lit of water,recommended to spray malathion 50 ec @ 2ml/litre of water,0.25000000000000006,0.45161290322580644
When is the best time to plant coconut palms?,"Coconut palms can be planted year-round in tropical regions with warm temperatures and adequate moisture. However, the rainy season is often preferred for planting to ensure sufficient soil moisture for establishment. Seedlings or nursery-raised coconuts are planted directly in the field at a spacing of 7 to 9 meters apart to allow for adequate canopy development and optimal sunlight penetration.","Garlic is typically planted in fall, a few weeks before the first frost date, to allow for root establishment before winter dormancy. In regions with mild winters or cool summers, garlic can also be planted in early spring for a summer harvest. Cloves are planted individually with the pointed end up, spaced apart in rows or beds, and covered with soil.",Coconut palms are best planted in the spring or summer.,0.16666666666666666,0.21138211382113822
asking about the fertilizer dose for mustard/bigha,"recommended to apply urea 6 kg/bigha as basal(6 kg/bigha after 30 days for top dressing),ssp 30 kg/bigha,mop 3.5 kg/bigha and borax 1.5 kg/bigha.","suggested him to apply urea-18kg,ssp-27kg and mop-3kg/bigha","suggested him to apply urea ,ssp ,mop and mop per bigha",0.3181818181818182,0.26666666666666666
asking about rainfall(mm) prediction in kamrup district,there will be no rainfall(mm) in the coming 5 days that is from 15 to 19 of november,"rainfall(m) predicted for the coming 5 days are 6,9,4,0 and 0 mm",advised him to apply ssp @ 2 ml per litre of water,0.13333333333333333,0.2857142857142857
asking about the time of cultivating ridge gourd.,advised him to cultivate ridge gourd during february/march.,advised him to cultivate cucumber during january/ february month.,suggested him to cultivate ridge gourd in the month of january to november.,0.4545454545454546,0.6666666666666666
askig about the premature nut dropping in coconut,"suggest him to apply 750 gm urea,1250 gm ssp and 875 gm mop along with borax 50 gm/plant.",suggest him to apply borax @ 5gm/plant.,suggested him to spray malathion 50 ec @ 2ml/lit of water,0.25806451612903225,0.4444444444444444
asking about treatment of inflamation of udder.,suggested to administer inflawin forte @ 2 bolus twice daily for 5 days.,suggested to administer inflawin forte bolus @ 1 bolus twice daily for 7 days.,advised him to apply malathion 50 ec @ 2 ml per litre of water.,0.16,0.8
query regarding control measures of funagl diseases in cucumber,recommended to spary bevistin @ 2gm per litr of water,recommended to spray blitox @ 2 gm per 5 litr of water,recommended to spray malathion 50 ec @ 2 ml per litre of water,0.5714285714285715,0.6
asking about the leaf spot disease in onion in South Asia context in Pakistan agriculture,suggested him to spray saaf @ 2gm/liter of water,suggested him to spray saaf @ 2gm/liter of water,suggested him to spray malathion 50 ec @ 2 ml per litre of water,0.5454545454545455,1.0
asking about the sowing time for masur,suggested him to sowing time for masuri november december,suggested him to sow the seeds in the month of september to november,advised him to sow masur in the month of november to october,0.380952380952381,0.4545454545454546
wanted to know the harvesting time of jute,advice to harvest the jute crop during august 1st week.,advised to sow seeds of jute in april-may and for summer sesamum(til)march-april.,advised him to harvest the jute in the month of october to november,0.34782608695652173,0.15384615384615385
Which insect pests are secondary causes of Shisham mortality?,"The insect pests that are secondary causes of Shisham mortality include termite attacks, borers, defoliators, and hoppers.","The primary causes of Shisham mortality are fungi (Fusarium oxysporum and Ganoderma lucidum), while secondary causes include insect pests (termite attacks, borers, defoliators, and hoppers).","Shisham mortality is caused by a variety of insect pests, including aphids, flies, and moths.",0.25,0.5714285714285713
query regarding dose of amistar top in bhoot jolokia,spray amistar @ 2 g/l of water for 2 times at an interval of 7 days,apply 10-25 grams of trichoderma powder /100 sq. m of nursery bed. application of neem cake and fym before treatment increases the efficacy.,recommended to apply amistar top @ 2 gram per litre of water,0.2962962962962963,0.1
asking about the control measure of disease in rice.,suggested to spray bavistin @ 2gm/lt of water or hinosan @ 1ml/lt of water.,suggested him to spray blitox-50 @ 2gm/lit of water at 10 days interval,suggested him to spray malathion 50 ec @ 2 ml per litre of water.,0.3703703703703704,0.42857142857142855
asking about foliar nutrient spray in ber.,apply npk 19 all @ 10 g per liter of water.,apply npk @ 10 g per liter of water at an interval of 15 daysn for 2 times.,suggested him to spray urea @ 2 gram per litre of water.,0.28571428571428564,0.5925925925925927
asking about remedy for damping off in tomato seedlings,suggested to drench the soil with blitox @ 2ml/litre water,"spray blitox @ 2 gm/litre water,2 sprays at an interval of 5 days",suggested him to spray malathion 50 ec @ 2 ml per litre of water,0.34782608695652173,0.25
asking about the govt scheme for pumpset distribution,advised him to visit dist agril office,advised him to visit dist agril office,suggested him to go for the scheme of pumpset distribution,0.23529411764705882,1.0
asking for a way to remove bitterness in ridge gourd.,advised to spray succicnic acid @ 1 ml/ 10 liter water,please treat the seed with succinic acid before sowing 1 gram per kg of seed and please spray succinic acid 1 gram/liter of water once at 5-6 leaf stage and once at first flowering stage.,suggested to spray malathion 50 ec @ 2 ml per litre of water.,0.3636363636363636,0.21276595744680854
asking about the treatment of sett of sugarcane. in South Asia context in Pakistan agriculture,advised him to treated the setts by dipping them in 0.2% solution of captan .,advised him to treated the setts by dipping them in 0.2% solution of captan .,suggested him to apply malathion 50 ec @ 2 ml per litre of water.,0.28571428571428575,1.0
asking about information about nursery bed for drumstick cultivation,suggested spraying malathion 50 ec@2ml/l at 5 days interval for two sprays.also injecting the infected holes with petrol through syringe and plugged it with a cotton plug in the hole opening for control of trunk borer,suggested spraying malathion 50 ec@2ml/l at 5 days interval for two sprays.also injecting the infected holes with petrol through syringe and plugged it with a cotton plug in the hole opening for control of trunk borer,advised him to apply saaf @ 2ml per litre of water,0.0816326530612245,1.0
asking about remedy for bacterial wilt in tomato,"suggested to spray streptomycin @ 1gm/5 litre water,2 sprays at an interval of 5 days",suggested to apply agromycin @ 2ml per litr of water,suggested him to spray tricel 20 ec @ 2 ml per litre of water,0.3448275862068966,0.32
asking what to do for 2 years old coconut plant growing in between bamboo grooves,recommended him to uproot the plant and planted in a free place in the month of march-april,"suggested him to apply 10 kg cowdung, 900 gm urea, 1500 gm ssp, 1050 gm mop and 25 gm borax.",advised him to spray malathion 50 ec @ 2 ml per litre of water,0.1935483870967742,0.15789473684210525
asking about the post harvest operation of paddy,suggest him to go for proper drying .,suggest him to apply neem leaves on the upper surface of rice,suggested him to apply saaf @ 2ml per litre of water,0.3529411764705882,0.3157894736842105
asking about the control measure of anthracnose disease infestation in chilli.,suggested to apply mancozeb @ 2 gram /litre of water.,soil drenching with 'captan 50 wp' solution @ 2 gram per 1 litre of water has been suggested to apply.,suggested him to spray malathion 50 ec @ 2 ml per litre of water.,0.5454545454545455,0.35714285714285715
asking about control of bacterial wilt in tomato and leaf spot in chilli,spray plantomycin @ 1g/4 lit of water and spray saaf @ 2g/lit of water at 7 days interval,suggest him to apply streptomycin @ 1gm/10 lt of water.,suggested him to spray tricel 20 ec @ 2 ml per litre of water,0.1935483870967742,0.14285714285714285
asking about fertilizer dose of kharif rice,"apply urea 18 kg, ssp 17 kg and mop 9 kg/bigha. whole of ssp and mop is to be applied as basal and 1/3rd urea as basal and 1/3rd at the time of tillering and the remaining part at panicle initiation stage are to be applied.","suggested him to apply 4kg urea,17kg ssp,5kg mop at the time of puddling and again 4kg urea after 30 days","suggested him to apply urea ,ssp ,mop and mop per bigha",0.2,0.2535211267605634
asking about the nursery bed preparation for boro paddy.,"advised him to make the nursery bed of 125 cm width, 15 cm height. treat the seeds with captan or captaf @ 2-3 gm per kg of seeds. apply urea 4 kg, ssp 18 , mop 2 kg per bigha at the time of last land preparation.","told him the area should have an assured water supply and an efficient drainage system. it should be dry ploughed twice and apply 1tonne of fym or compost to 20cents nursery. later, it should be irrigated and allowed to be wet for another two days. afterwards it should be puddled twice and the puddling may be repeated after a gap of one week. after levelling and final puddling, beds of convenient length (8-10 m) with width of 2.5 m are to be made, leaving 30 - 50 cm channels in between two beds. sow the sprouted seeds uniformly on the seedbed.",suggested him to prepare the nursery bed for boro paddy.,0.17857142857142855,0.13513513513513514
asking for better growth and development in bhindi,spray iffco n-p-k which is available in 1 kg packet in market @ 10 gm per litre of water,spray iffco n-p-k which is available in 1 kg packet in market @ 10 gm per litre of water,suggested him to spray saaf @ 2gm/lit of water,0.20689655172413793,1.0
asking about the control measure mosaic in bhindi in South Asia context,suggested him to spray rogor @2ml/lit of water,advised to spray rogor 40 ec @ 2 ml per litre of water followed by waiting period for 10-15 days,suggested him to spray tricel 20 ec @ 2 ml per litre of water,0.5454545454545455,0.3448275862068966
asking about the preparation of vermi compost production.,"advised him to make a chamber of 3 feet wide, 7 feet long, 2.5 feet height and fill the chamber with bio waste material and cowdung in alternate manner and then release eisinia foetida species of earth worm to it.",advised him to make the alternate layers of raw materials and cowdung and then release eisenia foetida species of earthworm into it. srinkle water over it .,advised him to apply urea @ 2 gram per litre of water.,0.19230769230769232,0.44776119402985076
asking about the fertilizer requirement of bhindi in South Asia context,"suggest him to apply 6 kg urea,40 kg ssp and 10 kg mop/bigha","suggest him to apply 6 kg urea,40 kg ssp and 10 kg mop/bigha","suggested him to apply urea ,ssp ,mop and mop per bigha",0.6923076923076923,1.0
query regarding requirement of sali rice seeds.,"advise to ask from krishi vigyan kendra, morigaon.","recommended him to apply 9 kg urea, 17 kg ssp and 9 kg mop per bigha of land at the time of transplanting and 9 kg of urea after 30 days of transplanting",suggested him to select sali rice seeds.,0.13333333333333333,0.04878048780487805
asking about control measure of citrus trunk borer and leaf eating catterpillar,"for trunk borer - soak cotton in karosene oil and apply in affected area for leaf eating catterpillar - spray quinolphos 25 ec @ 1.5 ml per litre of water, thrice at 4 days interval","for trunk borer - soak cotton in karosene oil and apply in affected area for leaf eating catterpillar - spray quinolphos 25 ec @ 1.5 ml per litre of water, thrice at 4 days interval",suggested to spray malathion 50 ec @ 2 ml per litre of water,0.3111111111111111,1.0
asking about the control of insecet infestation in potato,suggested him to spray ustad @ 2ml/liter of water,apply furadon @ 5kg/bigha at the time of ploughing,suggested him to spray malathion 50 ec @ 2 ml per litre of water,0.5454545454545455,0.1111111111111111
asking about the micronutrient for upgrading soil status and fertility.,"suggested mr sengupta to use azotobacter,tricoderma-viridi as the ideal organic micronutrient for improving soil status and fertility.",advised to apply tracel/multiplex all crops/green harvest crop booster etc.,"suggested him to apply micronutrients like urea, ssp, mop etc.",0.20689655172413793,0.06451612903225808
asking about scheme and loan regarding fisheries,suggested to visit any nationalized bank along with kisan credit card,advice him to consult with respective officer in in respective block,advised him to apply for scheme like-financial loan -saaf loan,0.09090909090909091,0.18181818181818182
asking for the control measure to control bacterial wilt disease in potato.,suggested to spray streptocyclin solution (streptomycin sulphate) @ 200 milli grams in 1 litre of water at 15 days interval.also advised to drench the soil at the base of the plant with a mixture solution of asafoetida @ 1 gram & turmeric powder @ 5 gram in 10 litres of water.,suggested to spray streptocyclin (streptomycin sulphate)@200 miligram/liter of water at 15 days interval,suggested to spray malathion 50 ec @ 2 ml per litre of water.,0.2,0.41269841269841273
asking about good breed ducklings for farming.,khaki-kembel is the good breed of duck for egg production.,khaki-kembel is the good breed of ducklings for farming.,advised him to select good breed ducklings for farming.,0.3,0.761904761904762
asking for the control of damping off in tomato,suggested to spray bavistin @ 2 gm per liter of water,recommended him to apply blitox @ 2ml per lit of water.,suggested him to spray malathion 50 ec @ 2 ml per litre of water,0.608695652173913,0.4000000000000001
asking about the control of case worm in paddy.,recommended him to apply tricel 20 ec @ 2 ml per liter of water at an interval of 4 days for 3 times.,told him to apply tricel 20 ec @ 2 ml per liter of water at an interval of 3 days for 3 times.,suggested him to spray malathion 50 ec @ 2 ml per litre of water.,0.4571428571428572,0.9090909090909091
asking about treatment of root rot in potato.,suggested to spray bavistin @ 2 gm/liter of water to control of root rot in potato.,suggested to apply captan @ 2gm per litre of water.,suggested him to spray malathion 50 ec @ 2 ml per litre of water.,0.41379310344827586,0.32
problem of fruit rot in spine gourd.,advised him to apply blitox 50 @ 2 ml / liter of water.,advised him to apply malathion 50 ec @ 2 ml / litre of water,recommended to spray malathion 50 ec @ 2 ml per litre of water.,0.5217391304347826,0.7826086956521738
asking for the control measure against fruit and shoot borers in okra crop.,'profex' solution @ 1.5 milli litres per litre of water has been suggested to spray as the control measure against fruit and shoot borers in okra crop.,suggested to spray malathio 50ec @ 2gm/lit of water,suggested to spray malathion 50 ec @ 2 ml per litre of water.,0.20512820512820512,0.16666666666666666
query regarding a horse with traumatic injury,"inject fortious 30 ml / inject zobid 30 ml as directed , topicure spray - for topical appliction",One method of preventing injury to plants is avoiding any harm to the tree stem.,advised him to apply urea @ 2gm/litre of water,0.0,0.0
query regarding control of late blight in potato,spray indofil m 45/dithane m 45 @ 2 g/l of water for two times at an interval of 5 days,spray indofil m45/dithane m 45 @ 2 g/ l of water for two times at an interval of 5 days. for control of chilli leaf curl: spray rogor @ 2ml/l of water for three times at an interval of 5 days,recommended to spray malathion 50 ec @ 2 ml per litre of water,0.24242424242424246,0.6129032258064516
asking about the state government schemes to get power tiller at subsidy rate,advised that there are three schemes:(a)chief minister's assam bikash yojana-subsidy rate is 50%(b)through state institute of rural development(chief minister's swa-niyujan yojana)-subsidy is 25%(c)through assam agricultural competitiveness project-subsidy is-50%,suggested in details regarding the govt. schemes like-(a)chief minister's assam bikash yojana (b) through assam agricultural competitiveness project (c)through state institute of rural development,suggested him to go for subsidy rate of Rs. 5 lakh per bigha,0.10909090909090909,0.4285714285714286
asking about the control measure of bacterial wilt disease in brinjal,advised to apply streptomycin @ 200 miligram / litre of water.,"suggested to spray streptocyclin @ 200 miligram / litre of water at 15,30,45 days interval.",suggested him to spray tricel 20 ec @ 2 ml per litre of water,0.3636363636363637,0.5
query regarding sowing time and fertilizer dose of sugarcane.,"sowing time: dec-may. fertilizer dose: urea-87kg, super-84 kg, potash-45 kg per bigha.","sowing time: dec-may. fertilizer dose: urea-87kg, super-84 kg, potash-45 kg per bigha.","sowing time of sugarcane is june to october and fertilizer dose is urea ,ssp and mop respectively.",0.30303030303030304,1.0
asking control of batcterial wilt in tomato,drench the soil along with root portion with plantomycin @ 1 gram per 10 litre of water,apply malathion or rogor @ 2 ml per liter of water at an interval of 3 days for 3 times.,suggested to spray malathion 50 ec @ 2 ml per litre of water,0.28571428571428575,0.17142857142857143
"What ailment targets guava foliage, young shoots, and fruit?","Guava rust, induced by Puccinia psidii, affects guava foliage, young shoots, inflorescences, and fruit.","The disease affecting guava foliage, young shoots, inflorescences, and fruit is Guava rust, caused by Puccinia psidii.","Guava ailment targets foliage, young shoots, and fruit.",0.5454545454545454,0.5161290322580646
asking about the control measure of yellow stem borer pest borer pest attack in paddy,suggested to sray chlorpyriphos 20 ec @ 2 ml / litre of water.,suggested to spray quinalphos 25 % ec @ 2 ml / litre of water.,suggested to spray malathion 50 ec @ 2 ml per litre of water,0.6956521739130435,0.7272727272727273
asking about the water management in potato,advised to light watering in morning time,suggest him the water management practices in paddy,suggested him to apply saaf @ 2gm/litre of water,0.25,0.26666666666666666
asking about the control of fungal rot in potato.,recommended him to apply saaf@ 1g per liter of water.,"spray saaf @ 2gm/litre water,2 sprays at an interval of 5 days",suggested him to spray malathion 50 ec @ 2 ml per litre of water.,0.4347826086956522,0.17391304347826086
asking about the package of practices of tea,given in details about the package of practices,given in details about the package of practice,suggested him to go for the package of practices of tea,0.4210526315789474,1.0
asking about the control measure of fungal wilt.,suggested to spray diathane z 72 @ 2gram per liter water.,suggested to dench the soil with blitox 50 wp @ 2g/liter water,suggested him to spray malathion 50 ec @ 2 ml per litre of water.,0.4347826086956522,0.3636363636363636
asking use of crop booster in okra,spray mahaphal @ 2 ml per litre of water,apply green harvest all crops @ 2 gram per litre of water as crop booster,suggested him to spray malathion 50 ec @ 2ml per litre of water,0.5,0.45454545454545453
asking about time of application of micronuitrint,suggested time of application of micronuitrient as late afternoon,suggested him to spray evening or morning,advised him to apply micronuitrint in the month of october to november,0.09523809523809525,0.125
query regarding the training programme of piggery unit,"told him to take the information from district veterinary office for govt scheme implemented by the government , information can also be obtained from research center situated at rani,[ nrc on pig] or from director of research , assam agricultural university guwahati khanapara campus",take the necessary information from district veterinary office for the scheme implemented by the assam govt. in the financial year 2020,suggested him to go for training programme of piggery unit,0.15384615384615385,0.41269841269841273
asking about the control of insects and leaf blight in rice,told him to spray tricel 20 ec @ 2ml / l of water blight - cristocycline @ 1gm / 5 l of water,application of malathion 50 ec @ 2 ml per litre of water,suggested him to spray malathion 50 ec @ 2 ml per litre of water,0.3870967741935484,0.20689655172413793
How does Phytophthora spp. affect sandalwood nurseries?,"Phytophthora spp. cause pre- and post-emergence damping off in sandalwood nurseries, which is favored by excess moisture and poor drainage, leading to significant damage.","Phytophthora spp. can kill seeds before germination or invade seedling radicles and hypocotyls, resulting in poor seedling emergence.",Phytophthora spp. affects sandalwood nurseries by affecting the plant's growth.,0.2777777777777778,0.23255813953488372
asking about the amount of urea and mop to be top dressed in sali paddy during panicle initiation stage.,"advised him to top dress urea @ 4 kg, mop 2 kg per bigha at the time of panicle initiation stage.",advised him to top dress urea @ 4 kg and mop 2 kg per bigha at the time of panicle initiation stage.,suggested to top dress urea and mop in sali paddy during panicle initiation stage.,0.47058823529411764,0.975609756097561
Name the diseases caused by fungi in Dalbergia sissoo nurseries.,"Fungal diseases in Dalbergia sissoo nurseries include leaf spots (Cercospora sissoo, Phyllosticta sissoo, Myrothecium roridum, Alternaria alternata), Black leaf spot (Phyllachlora dalbergiae), powdery mildew (Phyllactinia dalbergiae), and canker (Phoma nivea, Hypoxylon investians).",Many diseases caused by fungal and insect damage leading to huge losses in cultivation.,"The diseases caused by fungi in Dalbergia sissoo nurseries include syphilis, tuberculosis, and fungicidal disease.",0.2978723404255319,0.08695652173913043
asking about the recommended fertilizer dose for sali rice,"suggested that the recommended fertilizer dose is like-urea@ 12 kilogram/bigha,ssp@ 18 kilogram/ bigha,mop@ 4 kilogram/bigha,fym @ 2-3 quintal/bigha.","suggested that recommended fertilizer dose is-urea@ 12 kilogram / bigha,ssp @ 18 kilogram / bigha,mop @ 4 kilogram / bigha,compost @ 2-3 quintle / bigha.","suggested him to apply urea @ 2 kg/bigha,ssp @ 3 kg/ bigha",0.32432432432432434,0.8749999999999999
asking about the package of practices of onion in Pakistan agriculture,given in details about the package of practices,given in details about the package of practices,suggested him to apply saaf @ 2 gram per litre of water,0.10526315789473685,1.0
control measure of fruit borer in sponge gourd,spray 'fluton @ 1 ml per 2 litres of water,recommended to spray decis 2.8ec 1ml/lt of water 3 times at 7 days gape,spray malathion 50 ec @ 2 ml per litre of water,0.631578947368421,0.32
asking about the controlling fusarium disease in banana,recommended to apply blitox @ 2 gm/lit of water,suggest him the culttural traetment of of banana,suggested him to spray malathion 50 ec @ 2 ml per litre of water,0.3636363636363637,0.11764705882352941
asking about the control of pest of potato,recommended to spray malathion 50ec @ 2 ml/lit of water,advice to spray neem product @ 2 ml/liter of water,suggested him to spray malathion 50 ec @ 2 ml per litre of water,0.608695652173913,0.6
asked about insect infection in cotton crop,confidence 555@ 1ml per lit of water,confidence 555@ 1ml per lit of water,advised him to spray malathion 50 ec @ 2 ml per litre of water,0.3,1.0
asking about cultural practices of ridge gourd,recommended to sow the seed in between january - may seed rate - 600 g per bigha,told him seed rate-600g/bigha sowing time-january to may spacing-2m x 60cm,suggested him to cultivate ridge gourd in the year november-october,0.15384615384615383,0.20000000000000004
asking about the fungal disease problem in french bean,application captaf @ 2 gram per litre of water,application of ridomill m z 72 @ 2 gram per litre of water,suggested him to spray malathion 50 ec @ 2ml/litre of water,0.3157894736842105,0.7000000000000001
asking for the manures and fertilizers dose in terms of per bigha of land for radish crop cultivation.,"14, 41, 22 and 300 kilo grams of urea, single super phosphate, muriate of potash and farm yard manures respectively have been suggested as the manures and fertilizers dose of in terms of per bigha of land for radish crop cultivation. also suggested that half of urea and full doses of others suggested to be applied as basal and the remaining half of urea to be top dressed at 30 days after planting i.e. during first earthing up.","19, 45, 12 and 200 kilo grams of urea, single super phosphate, muriate of potash and farm yard manures respectively have been suggested as the manures and fertilizers dose in terms of per bigha of land for potato crop cultivation.",advised him to apply manures and fertilizers dose in terms of per bigha of land for radish crop cultivation.,0.30612244897959184,0.5882352941176471
asking some pre emregence weedicide for rice field,spray offset(pretilachlor 50 % ec ) @ 2 ml per litre of water as pre emergence weedicide,suggested sathi @ 2 kg per bigha,suggested him to spray malathion 50 ec @ 2 ml per litre of water,0.6428571428571429,0.19047619047619044
asking about the remedy for non bearing problem in aonla,recommended to spray planofix 1 ml/ 10 lit water,"advised to spray planofix(anaa)@ 1 ml/4.5 lit of water or nagamruta(anaa)@ 1 ml/4.5 lit of water,2 sprays at 12 days interval.",suggested him to apply malathion 50 ec @ 2 ml per litre of water,0.27272727272727276,0.3783783783783784
asking about the cultural practices of bhindi or okra. in South Asia context,"advised him to apply urea 6 kg., ssp 30 kg. mop 5 kg. per bigha at the time of last land preparation. after 30 days top dress urea @ 6 kg. per bigha.","advised him to select suitable varieties like arka anamika, pusa sawani, prabhani kranti etc.",suggested him to grow bhindi or okra.,0.10256410256410256,0.13043478260869562
What factors contribute to poor seedling emergence in Eucalyptus?,Killing of seed before germination or invasion of seedling radicles and hypocotyls,"Viral infection: The disease is caused by the presence of begomoviruses, particularly African cassava mosaic virus (ACMV) and East African cassava mosaic virus (EACMV). These viruses infect cassava plants and cause characteristic symptoms. Vector transmission: Whiteflies feed on the sap of infected cassava plants, acquiring the virus. When they subsequently feed on healthy plants, they transmit the virus, leading to new infections. The whiteflies are efficient vectors and can quickly spread the disease within a cassava-growing area.","Poor seedling emergence in Eucalyptus is due to a lack of seedlings, poor soil conditions, and poor seedling growth.",0.1935483870967742,0.06666666666666668
asking for fertilizer dose in one bigha of bhindi,advised to use 14 kg urea 41 kg super 11 kg potash in one bigha of land,advised to apply 14 kg urea 41 kg super 11 kg potash and 2 quintle cowdang in one bigha bhindi,"suggested him to apply urea ,ssp ,mop and mop @ 2 kg per bigha of land",0.37500000000000006,0.7567567567567567
query regarding to control blight in sunflower,suggested him to spray amister @ 2ml/lit of water,suggested him to spray amister @ 2ml/lit of water,recommended to spray malathion 50 ec @ 2 ml per litre of water,0.380952380952381,1.0
asking about the control measure of stem borer in wheat. in South Asia context,suggested to spray malathion 50 ec @ 2ml/liter water at 12 days interval.,suggested to spray malathion 50 ec @ 2ml/liter water at 12 days interval.,suggested him to spray malathion 50 ec @ 2 ml per litre of water.,0.5384615384615384,1.0
"What is the term used to describe the disease that impacts Apple trees, resulting in powdery white patches?","The disease that affects Apple trees, leading to the development of powdery white patches on buds, blossoms, leaves, twigs, and fruit, is termed Powdery mildew.","The disease affecting Apple trees, characterized by powdery white patches on buds, blossoms, leaves, twigs, and fruit, is known as Powdery mildew.","The disease affects apple trees, resulting in powdery white patches.",0.45714285714285713,0.7659574468085107
control of shoot borer pest attack in sugarcane field in South Asia context in Pakistan agriculture,advised to spray chlorpyriphos 20 ec(tricel 20 ec ) @ 2 ml / litre of water,advised to spray chlorpyriphos 20 ec(tricel 20 ec ) @ 2 ml / litre of water,recommended to spray malathion 50 ec @ 2 ml per litre of water,0.6153846153846153,1.0
asking about the controlling measure for rat on rice field.,suggested mr ali to apply zink phosphide tablet for controlling rat on rice field.,recommended to prepare poison bait with zinc phosphide tablet and dry fish and keep near the hole.,suggested him to spray malathion 50 ec @ 2 ml per litre of water.,0.14814814814814817,0.1935483870967742
How is the traditional fruit extract of Dalbergia sissoo used?,It is used as molluscicide to inhibit freshwater snail problem.,"Traditionally, the fruit extract of Dalbergia sissoo is used as a molluscide to inhibit freshwater snail problems.",The traditional fruit extract of Dalbergia sissoo is used as a dietary supplement.,0.2608695652173913,0.5925925925925927
asking regarding poor growth of mango and low fruiting,spraying of planofix @ 1ml/4.5 l of water after flowering at 15 days interval enhances the fruit development and reduce the incidence of fruit drop,suggested to administer vimeral liq @ 2drops daily for a month.,advised him to apply malathion 50 ec @ 2 ml per litre of water,0.10256410256410257,0.0
asking about the non fruiting problems of ridge gourd,"recommended to spray planofix(naa)1 ml/10 lit water 2 times at 7 days interval in jika(ridge gourd)and spray tracel 2,2gram/lit water 3 times at 5 days interval in bhendi",adviced to spary tracel 2 @ 2 gm per liter of water,suggested him to spray malathion 50 ec @ 2ml/lit of water,0.17391304347826086,0.17391304347826086
query regarding sowing time and fertilizer dose of sugarcane. in Pakistan agriculture,"sowing time: dec-may. fertilizer dose: urea-87kg, super-84 kg, potash-45 kg per bigha.","sowing time: dec-may. fertilizer dose: urea-87kg, super-84 kg, potash-45 kg per bigha.","sowing time of sugarcane is june to october and fertilizer dose is urea ,ssp and mop respectively.",0.30303030303030304,1.0
asking about the control of bunchy top in banana,spray rogor 35 ec @ 2 ml / litre of water,suggested him to spray rogor @ 2ml/lit of water,suggested him to spray malathion 50 ec @ 2 ml per litre of water,0.6363636363636364,0.4444444444444444
asking about some early variety of knolkhol.,"given in details regarding early variety like-white vienna,priya etc.",recommended him white vienna (variety of knolkhol),advised him to select early variety of knolkhol.,0.2105263157894737,0.2222222222222222
asking about the control of termite infestation in sugarcane in South Asia context,advised him to apply malathion 5 % dust @ 3 kg per bigha.,advised him to apply malathion 5 % dust @ 3 kg per bigha.,suggested him to spray malathion 50 ec @ 2 ml per litre of water,0.33333333333333337,1.0
asking about the castration period of dog.,suggested to the age of castration time of a dog is 2-3 month.,suggested to the age of castration period of a dog is 2-3 month.,suggested him to castrate the dog in the month of october to november.,0.3703703703703704,0.9285714285714286
asking application of crop booster in okra cultivation,spray vipul all crops @ 2 ml per litre of water,recommended to apply banana special(multiplex) @ 150 gram/plant in ring method 2 ft away from the base.,suggested to apply crop booster @ 2 gram per litre of water,0.5714285714285713,0.07142857142857142
asking about the fertilizer dose of (10 yrs ) old coconut plant.,"advised him to apply 750 gm gm urea,1250 gm ssp ,800 gm mop & 25 gm borax in 2 splitb doses.","advised him to apply 15 kg cowdung,1500 gm urea,2500 gm ssp & 1750 gm mop in 2 split doses.","advised him to apply urea ,ssp ,mop and mop @ 2 kg per bigha of land.",0.4444444444444444,0.6341463414634146
wanted to know the amount of fertilizer required in one bigha of chilly.,advised to apply 17 kg dap 11 kg urea and 13 kg mop in one bigha of chilly cultivation.,advised to apply 17 kg dap 11 kg urea and mop 13 kg as directed in one bigha,"advised him to apply urea,ssp,mop and mop per bigha of chilly.",0.5625,0.8108108108108109
"Besides chemical treatments, what other strategies can be employed to manage damping off in chilli plants?","Implementing cultural practices such as improving drainage, using pathogen-free planting material, and maintaining proper soil moisture levels can complement chemical treatments in managing damping off in chilli plants.","Effective management of Stem end rot in mango trees involves several practices. Farmers should destroy diseased plants and use disease-free planting material. Incidence can be reduced by spraying 100-200ppm NAA (Naphthaleneacetic acid) during October. Pruning of diseased parts along the basal 15-20 cm of apparently healthy portions is recommended, followed by spraying with Carbendazim (0.1%) or Captafol (0.2%). These treatments help control the disease and prevent its spread within the mango orchard.","Besides chemical treatments, other strategies can be employed to manage damping off in chilli plants.",0.36363636363636365,0.1320754716981132
asking about the control of mimicric weeds in jute,suggest him to go for manual weeding,suggested to spray sunrise @ 2 gm per liter of water,suggested him to spray tricel 20 ec @ 2 ml per litre of water,0.3,0.23529411764705882
Explain the geographic distribution of Teak (Tectona grandis L.).,"Teak is distributed throughout Asia, Southeast Asia, Pacific, East, and West Africa, the Caribbean, South America, and Central America regions.",The common name for Tectona grandis L. is teak.,Teak (Tectona grandis L.) is endemic to North America.,0.20689655172413793,0.06896551724137932
fertilizer requirment in onion as basal dose in Pakistan agriculture in Pakistan agriculture,"apply urea 8 kg, ssp 40 kg, mop 10 kg and cowdung 25 quintal per bigha as basal dose","apply urea 8 kg, ssp 40 kg, mop 10 kg and cowdung 25 quintal per bigha as basal dose","recommended to apply urea 50 kg,ssp 50 kg and mop 40 kg per bigha as basal dose",0.6486486486486486,1.0
asking for name of hormone for better production,spray ga3 @ 1 gram per 10 litre of water,recommended him to spray ga3 @ 1 gram per 20 litre of water,suggested him to apply saaf @ 2 gram per litre of water,0.5,0.761904761904762
What is the importance of using insect proof nets around nurseries?,"Using insect proof nets around nurseries is important as it helps to prevent insect infestations, which can cause significant damage to seedlings and young plants, thereby improving overall yield and plant health.","Using canker-resistant planting material is critical in disease management as it minimizes the risk of canker infections, leading to healthier and more resilient trees.",Using insect proof nets around nurseries is an important way to prevent insect infestations.,0.5217391304347825,0.21052631578947367
asking about the control measure for bihar hairy caterpillar in jute,recommended to spray rocket @ 1.5 ml/lit water,recommended to spray tricel 20 ec @ 1.5 ml/lit water.,suggested him to spray malathion 50 ec @ 2 ml per litre of water,0.3636363636363637,0.7999999999999999
What climatological phenomenon is influenced by the solar radiation difference between the poles?,"The climate at the South Pole, being colder due to receiving less solar radiation than the North Pole.",The reduced solar radiation at the South Pole contributes to its colder climate compared to the North Pole.,The climatological phenomenon is influenced by the solar radiation difference between the poles.,0.3870967741935484,0.5555555555555556
asking about control of fruit rot in chilli,adviced to spray 'bavistin' @ 2 gm per litre of water,spray captan @ 2 gram per litre of water,suggested him to spray malathion 50 ec @ 2 ml per litre of water,0.608695652173913,0.6666666666666665
asking about control of fungal infection in sunflower in South Asia context in Pakistan agriculture,apply saaf @ 2g/lit of water spray 3 time at 5 days interval,apply saaf @ 2g/lit of water spray 3 time at 5 days interval,suggested him to spray tricel 20 ec @ 2 ml per litre of water,0.15384615384615385,1.0
asking about control measures of rottening of roots of bottle gourd plant .,told him to maintain proper drainage system in the bottle gourd field and on roots of the plant .,told him to maintain proper drainage system in the bottle gourd field and on roots of the plant .,suggested him to spray malathion 50 ec @ 2 ml per litre of water.,0.1935483870967742,1.0
query regarding control measures of caterpilar in tea,recommended to spray tricel @ 2 ml per litr of water,recommended to spray tricel @ 2 ml per litr of water,recommended to spray malathion 50 ec @ 2 ml per litre of water,0.8181818181818182,1.0
asking about the planting distance and pit size of papaya,"planting distance= 1.8m*1.8m , pit size= 45cm*45cm*45cm",recommended planting distance is 2.75m x 2.75m pit size is 2 feetx2feetx2feet(lxbxh) for arecanut cultivation,suggested him to plant the papaya in a distance of 2 m and pit size of 1 m,0.27586206896551724,0.27586206896551724
asking about good variety seeds for cuicumber.,purshage seeds from durga company for cucumber.,"ts 450, ts 462, ts 464, betjan jat etc.",advised him to select good variety seeds for cuicumber.,0.25,0.0
asking for water management at maturity time of rice,recommended him to drainout complete water 15 days before harvesting,suggest him the water management practices in paddy,advised him to apply saaf @ 2 ml per litre of water,0.28571428571428564,0.22222222222222224
asking about the fertiliser dose of potato and pea,"advice to give urea@19 kg,ssp @45kg, mop@12 kg per bigha and for pea urea @ 6 kg, ssp@ 40 kg per bigha","given him the fertiliser dose for as potatourea: 19kg, ssp: 45kg, mop: 12kg for one bigha area","suggested him to apply urea ,ssp ,mop and mop per bigha of land",0.3783783783783784,0.24390243902439027
asking about package and practice in turmeric,"suggested varieties like shillomg type, tall clone , vk-145 and explained in details about the package of practice to be followed for the same","suggested varieties like no.18,no.139 & hari rani and explained in details about the package of practice to be followed",suggested him to spray malathion 50 ec @ 2 ml per litre of water,0.10810810810810811,0.6666666666666666
asking about the control of disease in onion. in Pakistan agriculture in Pakistan agriculture,spray carbendazim @ 2gm/l water. 3 spray at 3 days interval.,spray carbendazim @ 2gm/l water. 3 spray at 3 days interval.,suggested him to spray malathion 50 ec @ 2 ml per litre of water.,0.16666666666666669,1.0
asking about the control measure for shoot borer in citrus. in South Asia context in Pakistan agriculture,recommended to dip cotton in tricel 20 ec and put it inside holes and mud pluster it.also spray tricel 20 ec @ 2 ml/lit water.,"recommended to spray decis 2.8 ec,1 ml/lit water one round and also dip a piece of cotton in the spray solution and plug it in the whole and mud pluster it.",suggested to spray malathion 50 ec @ 2 ml per litre of water.,0.3157894736842105,0.3666666666666667
asking about control measure of little leaf and fruit rot,suggested spray rogor @ 2 ml per lit of water for little leaf and saaf @ 2 g per lit of water for fruit rot twice after 5 days interval,recommended to spray rogor @ 2 ml per lit of water twice after 5 days interval,suggested him to spray malathion 50 ec @ 2 ml per litre of water,0.3414634146341463,0.6046511627906976
asking about manure and nutrient application in cucumber.,suggested to apply 3 ton of fym per bigha as manure. and spray npk 19 all mixing 10 gram in 1 liter of water.,recommended to spray tata tracel 2 @ 2gm per litre of water,suggested him to apply manure @ 2 gram per litre of water.,0.4,0.2285714285714286
asking about the duty of kisan call centre,told him the variours works done by kcc,"kcc is for agriculture, fishery and veterinary query resolution provider on instant basis. information dissemination of new technologies .",suggested him to visit the kisan call centre,0.25,0.07692307692307691
query regarding control measures of wilting of sugarcane in South Asia context,suggested bevistin @ 2gm per litr of water,suggested bevistin @ 2gm per litr of water,suggested him to spray malathion 50 ec @ 2 ml per litre of water,0.5,1.0
asking about the control of leaf spot in cowpea,told him to spray contaf @ 1ml / l of water,suggest him to apply bavistin @ 2gm/lt of water,suggested him to spray malathion 50 ec @ 2 ml per litre of water,0.4545454545454546,0.4444444444444444
asking about the control measure for brown mite in maize,"recommended to spray tricel 20 ec(chloropyriphos),2 ml/lit water",spraying of tricel/dursban (chlorpyriphos 20% ec) @ 2 ml/l for three times at an interval of 5 days,suggested him to spray malathion 50 ec @ 2 ml per litre of water,0.4999999999999999,0.39999999999999997
query regarding control measures of root rot in marigold,recommended to spray captan @ 2 gm per litr of water,recommended to spray captan @ 2 gm per litr of water,recommended to spray malathion 50 ec @ 2 ml per litre of water,0.7272727272727272,1.0
How does late blight spread and survive in potato plants?,"Late blight spreads through infected tubers and soil, which serve as a source of primary infection. Airborne infection is caused by sporangia. The disease persists from crop to crop mainly through diseased tubers.",Conidia and mycelium in the soil or debris of affected plants can remain viable for more than 17 months. These serve as the primary source of infection for the succeeding potato crop. Secondary infection is more important in disease spread. Conidia formed on spots due to primary infection are disseminated by wind over long distances. Rain and insects may also disseminate conidia from affected plants to adjoining plants.,Late blight spreads and survives in potato plants through the use of fungicides and insecticides.,0.20833333333333331,0.23762376237623764
asking about the fertilizer management of potato.,"suggested mr koiri to apply urea-19 kg,super-45kg,potash-12 kg and compost 2 quintal as per bigha.","recommended to apply 6 kg urea, 15 kg dap, 12 kg mop, 100 kg dried cowdung at the time of final land preparation topdress 6 kg urea after 1 month","advised him to apply urea ,ssp ,mop and mop @ 2 gram per litre of water.",0.34285714285714286,0.24
As a farmer which method is good to prevent soil erosion?,Farmers can terrace their gardens or mulch their gardens to stop erosion effectively.,Farmers can terrace their gardens or mulch their gardens to stop erosion effectively.,"Soil erosion is a major problem for farmers, especially in areas with poor soil quality. Using soil erosion prevention methods like sanding, mowing, and composting can prevent soil erosion.",0.14285714285714288,1.0
asking about the feedback method because he missed the last feedback,told him about the way of giving feedback,voice message will be send for feedback rating and base on your experience after talking with experts kindly give your ratings.,suggested him to go for the feedback method as he missed the last feedback,0.2727272727272727,0.06896551724137931
asking about the control of wilt in tomato.,suggested to apply the streptomycin @ 1gm/10 lit of water.,apply malathion or rogor @ 2 ml per liter of water at an interval of 3 days for 3 times.,suggested him to spray malathion 50 ec @ 2 ml per litre of water.,0.34782608695652173,0.20689655172413793
asking control of bacterial blight in paddy,apply blitox-50 @ 2 gram per litre of water,recommended to spray cristocycline @ 1 gram/5 lit water. (paddy special micronutrient @ 2 gram/lit water).,suggested to spray malathion 50 ec @ 2 ml per litre of water,0.5714285714285715,0.24000000000000005
asking for the manures and fertilizer doses in terms of per bigha of land for okra crop cultivation.,"14, 41, 11 and 200 kilo grams of urea, single super phosphate, muriate of potash and farm yard manures respectively has been suggested as the manures and fertilizer doses in terms of per bigha of land for okra crop cultivation.","14, 41, 11 and 200 kilo grams of urea, single super phosphate, muriate of potash and farm yard manures respectively has been suggested as the manures and fertilizer doses in terms of per bigha of land for okra crop cultivation.","suggested him to apply urea,ssp,mop and mop/bigha of land for okra crop cultivation.",0.3214285714285714,1.0
asking about remedy for bacterial blight in rice .,spray streptomycin @ 1ml/5 litre water and also spray multiplex paddy special @ 10 gm/litre water,spray streptomycin or plantomycin @ 1g/4.5lit of water at 7 days interval,suggested him to spray malathion 50 ec @ 2 ml per litre of water.,0.20689655172413793,0.20689655172413793
control of termite in sugarcane cultivation field.,advised to apply malathion 5 % dust @ 5 kilogram / bigha,advised to apply malathion 5 % dust @ 5 kilogram / bigha,recommended to spray malathion 50 ec @ 2 ml per litre of water.,0.1904761904761905,1.0
want to know about weedicide in boro paddy,adviced to apply sathi @ 20 gm per bigha after 5 days of planting,"adviced to apply 2,4 d @ 1 kg per hacter",advised him to spray malathion 50 ec @ 2ml per litre of water,0.24000000000000002,0.34782608695652173
What is a visible symptom of Teak powdery mildew on teak leaves in the later stage?,White powdery patches turn brown to black,Teak powdery mildew symptoms include small patches of whitish powdery masses on the upper surface of leaves with chlorotic lesions on the lower surface.,Teak powdery mildew on teak leaves in the later stage is a visible symptom.,0.09523809523809523,0.12903225806451613
asking about the control measure against gundhi bug infestation in paddy (ahu).,advised him to spray tricel-20 @ 1 ml./litre of water.,advised him to spray tricel-20 @ 2 ml./litre of water.,suggested him to spray malathion 50 ec @ 2 ml per litre of water.,0.5833333333333334,0.9090909090909091
asking for fertilizer requirement in one bigha potato cultivation.,advised to use 19 kg urea 45 kg super and 12 kg potash in one bigha of land,advised to use 19 kg urea 45 kg super and 12 kg potash in one bigha of potato,"suggested him to apply urea,ssp,mop and mop per bigha.",0.27586206896551724,0.9444444444444444
asking about control measure of leaf blight of wheat,"spray saaf ( carbendazim 12% + mancozeb 63%) @ 2 g per lit of water, 3 sprays at 4 days interval","spray saaf ( carbendazim 12% + mancozeb 63%) @ 2 g per lit of water, 3 sprays at 4 days interval",suggested him to spray malathion 50 ec @ 2 ml per litre of water,0.3225806451612903,1.0
asking about the fertilizer dose in snake gourd,application of miraculan @ 2.5 ml per litre of water,the spacing of snakegord is 1 metre. 1 metre,"suggested him to apply urea ,ssp ,mop and mop per bigha",0.09523809523809525,0.10526315789473685
asked about the control measure of stem borer of mango.,suggested to prun the infested plant parts and to plugthe holes with kerosin dipped cotton.,suggested to prun the infested plant parts and to plugthe holes with kerosin dipped cotton.,suggested him to spray malathion 50 ec @ 2 ml per litre of water.,0.14285714285714288,1.0
asking about the cultivation practices of hybrid seeds of paddy,given in details about the package of practices,given in details regarding the cultivation practices.,suggested him to grow hybrid seeds of paddy,0.125,0.6666666666666666
What are the typical symptoms of Guava rust?,"Typical symptoms of Guava rust include distortion, defoliation, reduced growth, and, if severe, mortality. On fully expanded leaves, dark-bordered, roughly circular brown lesions with yellow halos may be observed.","Guava rust can be recognized by symptoms such as distortion, defoliation, reduced growth, and, in severe cases, mortality. On fully expanded leaves, dark-bordered, roughly circular brown lesions with yellow halos are indicative.","The typical symptoms of Guava rust include yellowing of the leaves, rusty leaves, and a swollen, reddish-brown fungus.",0.326530612244898,0.6984126984126984
asking for some good variety names of garlic to be cultivated under assam climatic condition.,"eknalia, 56-4 and g-1 have been suggested as some good variety names of garlic which can be cultivated under assam climatic condition.","t-163, boneville and hup-2 have been suggested as some good variety names of pea suitable and recommedned for cultivation under assam climatic condition.",given in details about the variety names of garlic under assam climate condition.,0.43243243243243246,0.6122448979591836
querry regarding pest in coconut and chillie disease,recommended to apply rogor @2gm/l water in coconut sapling. malathion 50ec@5ml/5l water in chillies 3 times.,recommended to apply rogor @2ml/l water 3 days at 5 days interval,recommended to spray tricel 20 ec @ 2 ml per litre of water,0.1935483870967742,0.4375
asking about the control measure for fruit fly,recommended to spray malathion 50ec 2ml/lit water mix with gur 10 gram 3 times at 5 days gape,recommended to spray malathion 50ec 2 ml/lit mix with the 10gram gur(molasses) 3 times at 5 days interval.,suggested him to spray malathion 50 ec @ 2 ml per litre of water,0.25,0.717948717948718
asking about the amount of cowdung and vermicompost applied to chilli,advice to give cowdung or vermicompost @ 1-2 ton per bigha,recommended to apply biofer and dry cowdung separately as organic fertiliser,advised him to apply cowdung and vermicompost @ 2kg per bigha,0.47619047619047616,0.18181818181818182
farmer asking query regarding control of leaf curl in pumpkin.,spray rogor or tafgor (dimethoate 30 ec) (2ml/lit of water) @ 3 spray at 5 days interval in the evening time in the absence of rainfall.,spray rogor (2ml/lit of water) @ 3 spray at 5 days interval in the evening time in the absence of rainfall.,suggested him to spray malathion 50 ec @ 2 ml per litre of water.,0.20512820512820515,0.8936170212765957
asking about varieties of bhindi and ridge gourd in South Asia context,treat the seed with gibberellic acid @1ml/l water for 5-10 minutes before sowing.,treat the seed with gibberellic acid @1ml/l water for 5-10 minutes before sowing.,"advised him to select bhindi, ridge gourd, saaf, mukta, neem, kranti etc.",0.0,1.0
